ID,Date,Target,Region
6,12/1/2009,0,LA
6,12/2/2009,0,LA
6,12/3/2009,0,LA
6,12/4/2009,0,LA
6,12/5/2009,0,LA
6,12/6/2009,0,LA
6,12/7/2009,0,LA
6,12/8/2009,0,LA
6,12/9/2009,0,LA
6,12/10/2009,0,LA
6,12/11/2009,0,LA
6,12/12/2009,0,LA
6,12/13/2009,0,LA
6,12/14/2009,0,LA
6,12/15/2009,0,LA
6,12/16/2009,0,LA
6,12/17/2009,0,LA
6,12/18/2009,0,LA
6,12/19/2009,0,LA
6,12/20/2009,0,LA
6,12/21/2009,0,LA
6,12/22/2009,0,LA
6,12/23/2009,0,LA
6,12/24/2009,0,LA
6,12/25/2009,0,LA
6,12/26/2009,0,LA
6,12/27/2009,0,LA
6,12/28/2009,0,LA
6,12/29/2009,0,LA
6,12/30/2009,0,LA
6,12/31/2009,0,LA
6,1/1/2010,0,LA
6,1/2/2010,0,LA
6,1/3/2010,0,LA
6,1/4/2010,0,LA
6,1/5/2010,0,LA
6,1/6/2010,0,LA
6,1/7/2010,0,LA
6,1/8/2010,0,LA
6,1/9/2010,0,LA
6,1/10/2010,0,LA
6,1/11/2010,0,LA
6,1/12/2010,0,LA
6,1/13/2010,0,LA
6,1/14/2010,0,LA
6,1/15/2010,0,LA
6,1/16/2010,0,LA
6,1/17/2010,0,LA
6,1/18/2010,0,LA
6,1/19/2010,0,LA
6,1/20/2010,0,LA
6,1/21/2010,0,LA
6,1/22/2010,0,LA
6,1/23/2010,0,LA
6,1/24/2010,0,LA
6,1/25/2010,0,LA
6,1/26/2010,0,LA
6,1/27/2010,0,LA
6,1/28/2010,0,LA
6,1/29/2010,0,LA
6,1/30/2010,0,LA
6,1/31/2010,0,LA
6,2/1/2010,0,LA
6,2/2/2010,0,LA
6,2/3/2010,0,LA
6,2/4/2010,0,LA
6,2/5/2010,0,LA
6,2/6/2010,0,LA
6,2/7/2010,0,LA
6,2/8/2010,0,LA
6,2/9/2010,0,LA
6,2/10/2010,0,LA
6,2/11/2010,0,LA
6,2/12/2010,0,LA
6,2/13/2010,0,LA
6,2/14/2010,0,LA
6,2/15/2010,0,LA
6,2/16/2010,0,LA
6,2/17/2010,0,LA
6,2/18/2010,0,LA
6,2/19/2010,0,LA
6,2/20/2010,0,LA
6,2/21/2010,0,LA
6,2/22/2010,0,LA
6,2/23/2010,0,LA
6,2/24/2010,0,LA
6,2/25/2010,0,LA
6,2/26/2010,0,LA
6,2/27/2010,0,LA
6,2/28/2010,0,LA
6,3/1/2010,0,LA
6,3/2/2010,0,LA
6,3/3/2010,0,LA
6,3/4/2010,0,LA
6,3/5/2010,0,LA
6,3/6/2010,1,LA
6,3/7/2010,1,LA
6,3/8/2010,1,LA
6,3/9/2010,1,LA
6,3/10/2010,1,LA
6,3/11/2010,1,LA
6,3/12/2010,1,LA
6,3/13/2010,1,LA
6,3/14/2010,1,LA
6,3/15/2010,1,LA
6,3/16/2010,1,LA
6,3/17/2010,1,LA
6,3/18/2010,1,LA
6,3/19/2010,1,LA
6,3/20/2010,1,LA
6,3/21/2010,1,LA
6,3/22/2010,1,LA
6,3/23/2010,1,LA
6,3/24/2010,1,LA
6,3/25/2010,0,LA
6,3/26/2010,0,LA
6,3/27/2010,0,LA
6,3/28/2010,0,LA
6,3/29/2010,0,LA
6,3/30/2010,0,LA
6,3/31/2010,0,LA
6,4/1/2010,0,LA
6,4/2/2010,0,LA
6,4/3/2010,0,LA
6,4/4/2010,0,LA
6,4/5/2010,0,LA
6,4/6/2010,0,LA
6,4/7/2010,0,LA
6,4/8/2010,0,LA
6,4/9/2010,0,LA
6,4/10/2010,0,LA
6,4/11/2010,0,LA
6,4/12/2010,0,LA
6,4/13/2010,0,LA
6,4/14/2010,0,LA
6,4/15/2010,0,LA
6,4/16/2010,0,LA
6,4/17/2010,0,LA
6,4/18/2010,0,LA
6,4/19/2010,0,LA
6,4/20/2010,0,LA
6,4/21/2010,0,LA
6,4/22/2010,0,LA
6,4/23/2010,0,LA
6,4/24/2010,0,LA
6,4/25/2010,0,LA
6,4/26/2010,0,LA
6,4/27/2010,0,LA
6,4/28/2010,0,LA
6,4/29/2010,0,LA
6,4/30/2010,0,LA
6,5/1/2010,0,LA
6,5/2/2010,0,LA
6,5/3/2010,0,LA
6,5/4/2010,0,LA
6,5/5/2010,0,LA
6,5/6/2010,0,LA
6,5/7/2010,0,LA
6,5/8/2010,0,LA
6,5/9/2010,0,LA
6,5/10/2010,0,LA
6,5/11/2010,0,LA
6,5/12/2010,0,LA
6,5/13/2010,0,LA
6,5/14/2010,0,LA
6,5/15/2010,0,LA
6,5/16/2010,0,LA
6,5/17/2010,0,LA
6,5/18/2010,0,LA
6,5/19/2010,0,LA
6,5/20/2010,0,LA
6,5/21/2010,0,LA
6,5/22/2010,0,LA
6,5/23/2010,0,LA
6,5/24/2010,0,LA
6,5/25/2010,0,LA
6,5/26/2010,0,LA
6,5/27/2010,0,LA
6,5/28/2010,0,LA
6,5/29/2010,0,LA
6,5/30/2010,0,LA
6,5/31/2010,0,LA
9,5/31/2012,0,LA
9,6/1/2012,0,LA
9,6/2/2012,0,LA
9,6/3/2012,0,LA
9,6/4/2012,0,LA
9,6/5/2012,0,LA
9,6/6/2012,0,LA
9,6/7/2012,0,LA
9,6/8/2012,0,LA
9,6/9/2012,0,LA
9,6/10/2012,0,LA
9,6/11/2012,0,LA
9,6/12/2012,0,LA
9,6/13/2012,0,LA
9,6/14/2012,0,LA
9,6/15/2012,0,LA
9,6/16/2012,0,LA
9,6/17/2012,0,LA
9,6/18/2012,0,LA
9,6/19/2012,0,LA
9,6/20/2012,0,LA
9,6/21/2012,0,LA
9,6/22/2012,0,LA
9,6/23/2012,0,LA
9,6/24/2012,0,LA
9,6/25/2012,0,LA
9,6/26/2012,0,LA
9,6/27/2012,0,LA
9,6/28/2012,0,LA
9,6/29/2012,0,LA
9,6/30/2012,0,LA
9,7/1/2012,0,LA
9,7/2/2012,0,LA
9,7/3/2012,0,LA
9,7/4/2012,0,LA
9,7/5/2012,0,LA
9,7/6/2012,0,LA
9,7/7/2012,0,LA
9,7/8/2012,0,LA
9,7/9/2012,0,LA
9,7/10/2012,0,LA
9,7/11/2012,0,LA
9,7/12/2012,0,LA
9,7/13/2012,0,LA
9,7/14/2012,0,LA
9,7/15/2012,0,LA
9,7/16/2012,0,LA
9,7/17/2012,0,LA
9,7/18/2012,0,LA
9,7/19/2012,0,LA
9,7/20/2012,0,LA
9,7/21/2012,0,LA
9,7/22/2012,0,LA
9,7/23/2012,0,LA
9,7/24/2012,0,LA
9,7/25/2012,0,LA
9,7/26/2012,0,LA
9,7/27/2012,0,LA
9,7/28/2012,0,LA
9,7/29/2012,0,LA
9,7/30/2012,0,LA
9,7/31/2012,0,LA
9,8/1/2012,0,LA
9,8/2/2012,0,LA
9,8/3/2012,0,LA
9,8/4/2012,0,LA
9,8/5/2012,0,LA
9,8/6/2012,0,LA
9,8/7/2012,0,LA
9,8/8/2012,0,LA
9,8/9/2012,0,LA
9,8/10/2012,0,LA
9,8/11/2012,0,LA
9,8/12/2012,0,LA
9,8/13/2012,0,LA
9,8/14/2012,0,LA
9,8/15/2012,0,LA
9,8/16/2012,0,LA
9,8/17/2012,0,LA
9,8/18/2012,0,LA
9,8/19/2012,0,LA
9,8/20/2012,0,LA
9,8/21/2012,0,LA
9,8/22/2012,0,LA
9,8/23/2012,0,LA
9,8/24/2012,0,LA
9,8/25/2012,0,LA
9,8/26/2012,0,LA
9,8/27/2012,0,LA
9,8/28/2012,0,LA
9,8/29/2012,0,LA
9,8/30/2012,0,LA
9,8/31/2012,0,LA
9,9/1/2012,0,LA
9,9/2/2012,0,LA
9,9/3/2012,0,LA
9,9/4/2012,0,LA
9,9/5/2012,0,LA
9,9/6/2012,0,LA
9,9/7/2012,0,LA
9,9/8/2012,0,LA
9,9/9/2012,0,LA
9,9/10/2012,0,LA
9,9/11/2012,0,LA
9,9/12/2012,0,LA
9,9/13/2012,0,LA
9,9/14/2012,0,LA
9,9/15/2012,0,LA
9,9/16/2012,0,LA
9,9/17/2012,0,LA
9,9/18/2012,0,LA
9,9/19/2012,0,LA
9,9/20/2012,0,LA
9,9/21/2012,0,LA
9,9/22/2012,0,LA
9,9/23/2012,0,LA
9,9/24/2012,0,LA
9,9/25/2012,0,LA
9,9/26/2012,0,LA
9,9/27/2012,0,LA
9,9/28/2012,0,LA
9,9/29/2012,0,LA
9,9/30/2012,0,LA
9,10/1/2012,0,LA
9,10/2/2012,0,LA
9,10/3/2012,0,LA
9,10/4/2012,0,LA
9,10/5/2012,0,LA
9,10/6/2012,0,LA
9,10/7/2012,0,LA
9,10/8/2012,0,LA
9,10/9/2012,0,LA
9,10/10/2012,0,LA
9,10/11/2012,0,LA
9,10/12/2012,0,LA
9,10/13/2012,0,LA
9,10/14/2012,0,LA
9,10/15/2012,0,LA
9,10/16/2012,0,LA
9,10/17/2012,0,LA
9,10/18/2012,0,LA
9,10/19/2012,0,LA
9,10/20/2012,0,LA
9,10/21/2012,0,LA
9,10/22/2012,0,LA
9,10/23/2012,0,LA
9,10/24/2012,0,LA
9,10/25/2012,0,LA
9,10/26/2012,0,LA
9,10/27/2012,0,LA
9,10/28/2012,0,LA
9,10/29/2012,0,LA
9,10/30/2012,0,LA
9,10/31/2012,0,LA
9,11/1/2012,0,LA
9,11/2/2012,0,LA
9,11/3/2012,0,LA
9,11/4/2012,0,LA
9,11/5/2012,0,LA
9,11/6/2012,0,LA
9,11/7/2012,0,LA
9,11/8/2012,0,LA
9,11/9/2012,0,LA
9,11/10/2012,0,LA
9,11/11/2012,0,LA
9,11/12/2012,0,LA
9,11/13/2012,0,LA
9,11/14/2012,0,LA
9,11/15/2012,0,LA
9,11/16/2012,0,LA
9,11/17/2012,0,LA
9,11/18/2012,0,LA
9,11/19/2012,0,LA
9,11/20/2012,0,LA
9,11/21/2012,0,LA
9,11/22/2012,0,LA
9,11/23/2012,0,LA
9,11/24/2012,0,LA
9,11/25/2012,0,LA
9,11/26/2012,0,LA
9,11/27/2012,0,LA
9,11/28/2012,0,LA
9,11/29/2012,0,LA
9,11/30/2012,0,LA
9,12/1/2012,0,LA
9,12/2/2012,0,LA
9,12/3/2012,0,LA
9,12/4/2012,0,LA
9,12/5/2012,0,LA
9,12/6/2012,0,LA
9,12/7/2012,0,LA
9,12/8/2012,0,LA
9,12/9/2012,0,LA
9,12/10/2012,0,LA
9,12/11/2012,0,LA
9,12/12/2012,0,LA
9,12/13/2012,0,LA
9,12/14/2012,0,LA
9,12/15/2012,0,LA
9,12/16/2012,0,LA
9,12/17/2012,0,LA
9,12/18/2012,0,LA
9,12/19/2012,0,LA
9,12/20/2012,0,LA
9,12/21/2012,0,LA
9,12/22/2012,0,LA
9,12/23/2012,0,LA
9,12/24/2012,0,LA
9,12/25/2012,0,LA
9,12/26/2012,0,LA
9,12/27/2012,0,LA
9,12/28/2012,1,LA
9,12/29/2012,1,LA
9,12/30/2012,1,LA
9,12/31/2012,1,LA
9,1/1/2013,1,LA
9,1/2/2013,1,LA
9,1/3/2013,1,LA
9,1/4/2013,1,LA
9,1/5/2013,0,LA
9,1/6/2013,0,LA
9,1/7/2013,0,LA
9,1/8/2013,0,LA
9,1/9/2013,0,LA
9,1/10/2013,0,LA
9,1/11/2013,0,LA
9,1/12/2013,0,LA
9,1/13/2013,0,LA
9,1/14/2013,0,LA
9,1/15/2013,0,LA
9,1/16/2013,0,LA
9,1/17/2013,0,LA
9,1/18/2013,0,LA
9,1/19/2013,0,LA
9,1/20/2013,0,LA
9,1/21/2013,0,LA
9,1/22/2013,0,LA
9,1/23/2013,0,LA
9,1/24/2013,0,LA
9,1/25/2013,0,LA
9,1/26/2013,0,LA
9,1/27/2013,0,LA
9,1/28/2013,0,LA
9,1/29/2013,0,LA
9,1/30/2013,0,LA
9,1/31/2013,0,LA
9,2/1/2013,0,LA
9,2/2/2013,0,LA
9,2/3/2013,0,LA
9,2/4/2013,0,LA
9,2/5/2013,0,LA
9,2/6/2013,0,LA
9,2/7/2013,0,LA
9,2/8/2013,0,LA
9,2/9/2013,0,LA
9,2/10/2013,0,LA
9,2/11/2013,0,LA
9,2/12/2013,0,LA
9,2/13/2013,0,LA
9,2/14/2013,0,LA
9,2/15/2013,0,LA
9,2/16/2013,0,LA
9,2/17/2013,0,LA
9,2/18/2013,0,LA
9,2/19/2013,0,LA
9,2/20/2013,0,LA
9,2/21/2013,0,LA
9,2/22/2013,0,LA
9,2/23/2013,0,LA
9,2/24/2013,0,LA
9,2/25/2013,0,LA
9,2/26/2013,0,LA
9,2/27/2013,0,LA
9,2/28/2013,0,LA
9,3/1/2013,0,LA
9,3/2/2013,0,LA
9,3/3/2013,0,LA
9,3/4/2013,0,LA
9,3/5/2013,0,LA
9,3/6/2013,0,LA
9,3/7/2013,0,LA
9,3/8/2013,0,LA
9,3/9/2013,0,LA
9,3/10/2013,0,LA
9,3/11/2013,0,LA
9,3/12/2013,0,LA
9,3/13/2013,0,LA
9,3/14/2013,0,LA
9,3/15/2013,0,LA
9,3/16/2013,0,LA
9,3/17/2013,0,LA
9,3/18/2013,0,LA
9,3/19/2013,0,LA
9,3/20/2013,0,LA
9,3/21/2013,0,LA
9,3/22/2013,0,LA
9,3/23/2013,0,LA
9,3/24/2013,0,LA
9,3/25/2013,0,LA
9,3/26/2013,0,LA
9,3/27/2013,0,LA
9,3/28/2013,0,LA
9,3/29/2013,0,LA
9,3/30/2013,0,LA
9,3/31/2013,0,LA
9,4/1/2013,0,LA
9,4/2/2013,0,LA
9,4/3/2013,0,LA
9,4/4/2013,0,LA
9,4/5/2013,0,LA
9,4/6/2013,0,LA
9,4/7/2013,0,LA
9,4/8/2013,0,LA
9,4/9/2013,0,LA
9,4/10/2013,0,LA
9,4/11/2013,0,LA
9,4/12/2013,0,LA
9,4/13/2013,0,LA
9,4/14/2013,0,LA
9,4/15/2013,0,LA
9,4/16/2013,0,LA
9,4/17/2013,0,LA
9,4/18/2013,0,LA
9,4/19/2013,0,LA
9,4/20/2013,0,LA
9,4/21/2013,0,LA
9,4/22/2013,0,LA
9,4/23/2013,0,LA
9,4/24/2013,0,LA
9,4/25/2013,0,LA
9,4/26/2013,0,LA
9,4/27/2013,0,LA
9,4/28/2013,0,LA
9,4/29/2013,0,LA
9,4/30/2013,0,LA
13,5/31/2024,0,LA
13,6/1/2024,0,LA
13,6/2/2024,0,LA
13,6/3/2024,0,LA
13,6/4/2024,0,LA
13,6/5/2024,0,LA
13,6/6/2024,0,LA
13,6/7/2024,0,LA
13,6/8/2024,0,LA
13,6/9/2024,0,LA
13,6/10/2024,0,LA
13,6/11/2024,0,LA
13,6/12/2024,0,LA
13,6/13/2024,0,LA
13,6/14/2024,0,LA
13,6/15/2024,0,LA
13,6/16/2024,0,LA
13,6/17/2024,0,LA
13,6/18/2024,0,LA
13,6/19/2024,0,LA
13,6/20/2024,0,LA
13,6/21/2024,0,LA
13,6/22/2024,0,LA
13,6/23/2024,0,LA
13,6/24/2024,0,LA
13,6/25/2024,0,LA
13,6/26/2024,0,LA
13,6/27/2024,0,LA
13,6/28/2024,0,LA
13,6/29/2024,0,LA
13,6/30/2024,0,LA
13,7/1/2024,0,LA
13,7/2/2024,0,LA
13,7/3/2024,0,LA
13,7/4/2024,0,LA
13,7/5/2024,0,LA
13,7/6/2024,0,LA
13,7/7/2024,0,LA
13,7/8/2024,0,LA
13,7/9/2024,0,LA
13,7/10/2024,0,LA
13,7/11/2024,0,LA
13,7/12/2024,0,LA
13,7/13/2024,0,LA
13,7/14/2024,0,LA
13,7/15/2024,0,LA
13,7/16/2024,0,LA
13,7/17/2024,0,LA
13,7/18/2024,0,LA
13,7/19/2024,0,LA
13,7/20/2024,0,LA
13,7/21/2024,0,LA
13,7/22/2024,0,LA
13,7/23/2024,0,LA
13,7/24/2024,0,LA
13,7/25/2024,0,LA
13,7/26/2024,0,LA
13,7/27/2024,0,LA
13,7/28/2024,0,LA
13,7/29/2024,0,LA
13,7/30/2024,0,LA
13,7/31/2024,0,LA
13,8/1/2024,0,LA
13,8/2/2024,0,LA
13,8/3/2024,0,LA
13,8/4/2024,0,LA
13,8/5/2024,0,LA
13,8/6/2024,0,LA
13,8/7/2024,0,LA
13,8/8/2024,0,LA
13,8/9/2024,0,LA
13,8/10/2024,0,LA
13,8/11/2024,0,LA
13,8/12/2024,0,LA
13,8/13/2024,0,LA
13,8/14/2024,0,LA
13,8/15/2024,0,LA
13,8/16/2024,0,LA
13,8/17/2024,0,LA
13,8/18/2024,0,LA
13,8/19/2024,0,LA
13,8/20/2024,0,LA
13,8/21/2024,0,LA
13,8/22/2024,0,LA
13,8/23/2024,0,LA
13,8/24/2024,0,LA
13,8/25/2024,0,LA
13,8/26/2024,0,LA
13,8/27/2024,0,LA
13,8/28/2024,0,LA
13,8/29/2024,0,LA
13,8/30/2024,0,LA
13,8/31/2024,0,LA
13,9/1/2024,0,LA
13,9/2/2024,0,LA
13,9/3/2024,0,LA
13,9/4/2024,0,LA
13,9/5/2024,0,LA
13,9/6/2024,0,LA
13,9/7/2024,0,LA
13,9/8/2024,0,LA
13,9/9/2024,0,LA
13,9/10/2024,0,LA
13,9/11/2024,0,LA
13,9/12/2024,0,LA
13,9/13/2024,0,LA
13,9/14/2024,0,LA
13,9/15/2024,0,LA
13,9/16/2024,0,LA
13,9/17/2024,0,LA
13,9/18/2024,0,LA
13,9/19/2024,0,LA
13,9/20/2024,0,LA
13,9/21/2024,0,LA
13,9/22/2024,0,LA
13,9/23/2024,0,LA
13,9/24/2024,0,LA
13,9/25/2024,0,LA
13,9/26/2024,0,LA
13,9/27/2024,0,LA
13,9/28/2024,0,LA
13,9/29/2024,0,LA
13,9/30/2024,0,LA
13,10/1/2024,0,LA
13,10/2/2024,0,LA
13,10/3/2024,0,LA
13,10/4/2024,0,LA
13,10/5/2024,0,LA
13,10/6/2024,0,LA
13,10/7/2024,0,LA
13,10/8/2024,0,LA
13,10/9/2024,0,LA
13,10/10/2024,0,LA
13,10/11/2024,0,LA
13,10/12/2024,0,LA
13,10/13/2024,0,LA
13,10/14/2024,0,LA
13,10/15/2024,0,LA
13,10/16/2024,0,LA
13,10/17/2024,0,LA
13,10/18/2024,0,LA
13,10/19/2024,0,LA
13,10/20/2024,0,LA
13,10/21/2024,0,LA
13,10/22/2024,0,LA
13,10/23/2024,0,LA
13,10/24/2024,0,LA
13,10/25/2024,0,LA
13,10/26/2024,0,LA
13,10/27/2024,0,LA
13,10/28/2024,0,LA
13,10/29/2024,0,LA
13,10/30/2024,0,LA
13,10/31/2024,0,LA
13,11/1/2024,0,LA
13,11/2/2024,0,LA
13,11/3/2024,0,LA
13,11/4/2024,0,LA
13,11/5/2024,0,LA
13,11/6/2024,0,LA
13,11/7/2024,0,LA
13,11/8/2024,0,LA
13,11/9/2024,0,LA
13,11/10/2024,0,LA
13,11/11/2024,0,LA
13,11/12/2024,0,LA
13,11/13/2024,0,LA
13,11/14/2024,0,LA
13,11/15/2024,0,LA
13,11/16/2024,0,LA
13,11/17/2024,0,LA
13,11/18/2024,0,LA
13,11/19/2024,0,LA
13,11/20/2024,0,LA
13,11/21/2024,0,LA
13,11/22/2024,0,LA
13,11/23/2024,0,LA
13,11/24/2024,0,LA
13,11/25/2024,0,LA
13,11/26/2024,0,LA
13,11/27/2024,0,LA
13,11/28/2024,0,LA
13,11/29/2024,0,LA
13,11/30/2024,0,LA
13,12/1/2024,0,LA
13,12/2/2024,0,LA
13,12/3/2024,0,LA
13,12/4/2024,0,LA
13,12/5/2024,0,LA
13,12/6/2024,0,LA
13,12/7/2024,0,LA
13,12/8/2024,0,LA
13,12/9/2024,0,LA
13,12/10/2024,0,LA
13,12/11/2024,0,LA
13,12/12/2024,0,LA
13,12/13/2024,0,LA
13,12/14/2024,0,LA
13,12/15/2024,0,LA
13,12/16/2024,0,LA
13,12/17/2024,0,LA
13,12/18/2024,0,LA
13,12/19/2024,0,LA
13,12/20/2024,0,LA
13,12/21/2024,0,LA
13,12/22/2024,0,LA
13,12/23/2024,0,LA
13,12/24/2024,0,LA
13,12/25/2024,0,LA
13,12/26/2024,0,LA
13,12/27/2024,0,LA
13,12/28/2024,0,LA
13,12/29/2024,0,LA
13,12/30/2024,0,LA
13,12/31/2024,0,LA
13,1/1/2025,0,LA
13,1/2/2025,0,LA
13,1/3/2025,0,LA
13,1/4/2025,0,LA
13,1/5/2025,0,LA
13,1/6/2025,0,LA
13,1/7/2025,0,LA
13,1/8/2025,0,LA
13,1/9/2025,0,LA
13,1/10/2025,1,LA
13,1/11/2025,1,LA
13,1/12/2025,1,LA
13,1/13/2025,1,LA
13,1/14/2025,1,LA
13,1/15/2025,1,LA
13,1/16/2025,1,LA
13,1/17/2025,1,LA
13,1/18/2025,1,LA
13,1/19/2025,1,LA
13,1/20/2025,1,LA
13,1/21/2025,1,LA
13,1/22/2025,1,LA
13,1/23/2025,1,LA
13,1/24/2025,1,LA
13,1/25/2025,1,LA
13,1/26/2025,1,LA
13,1/27/2025,1,LA
13,1/28/2025,1,LA
13,1/29/2025,1,LA
13,1/30/2025,1,LA
13,1/31/2025,1,LA
13,2/1/2025,1,LA
13,2/2/2025,1,LA
13,2/3/2025,1,LA
13,2/4/2025,1,LA
13,2/5/2025,0,LA
13,2/6/2025,0,LA
13,2/7/2025,0,LA
13,2/8/2025,0,LA
15,5/31/2022,0,LA
15,6/1/2022,0,LA
15,6/2/2022,0,LA
15,6/3/2022,0,LA
15,6/4/2022,0,LA
15,6/5/2022,0,LA
15,6/6/2022,0,LA
15,6/7/2022,0,LA
15,6/8/2022,0,LA
15,6/9/2022,0,LA
15,6/10/2022,0,LA
15,6/11/2022,0,LA
15,6/12/2022,0,LA
15,6/13/2022,0,LA
15,6/14/2022,0,LA
15,6/15/2022,0,LA
15,6/16/2022,0,LA
15,6/17/2022,0,LA
15,6/18/2022,0,LA
15,6/19/2022,0,LA
15,6/20/2022,0,LA
15,6/21/2022,0,LA
15,6/22/2022,0,LA
15,6/23/2022,0,LA
15,6/24/2022,0,LA
15,6/25/2022,0,LA
15,6/26/2022,0,LA
15,6/27/2022,0,LA
15,6/28/2022,0,LA
15,6/29/2022,0,LA
15,6/30/2022,0,LA
15,7/1/2022,0,LA
15,7/2/2022,0,LA
15,7/3/2022,0,LA
15,7/4/2022,0,LA
15,7/5/2022,0,LA
15,7/6/2022,0,LA
15,7/7/2022,0,LA
15,7/8/2022,0,LA
15,7/9/2022,0,LA
15,7/10/2022,0,LA
15,7/11/2022,0,LA
15,7/12/2022,0,LA
15,7/13/2022,0,LA
15,7/14/2022,0,LA
15,7/15/2022,0,LA
15,7/16/2022,0,LA
15,7/17/2022,0,LA
15,7/18/2022,0,LA
15,7/19/2022,0,LA
15,7/20/2022,0,LA
15,7/21/2022,0,LA
15,7/22/2022,0,LA
15,7/23/2022,0,LA
15,7/24/2022,0,LA
15,7/25/2022,0,LA
15,7/26/2022,0,LA
15,7/27/2022,0,LA
15,7/28/2022,0,LA
15,7/29/2022,0,LA
15,7/30/2022,0,LA
15,7/31/2022,0,LA
15,8/1/2022,0,LA
15,8/2/2022,0,LA
15,8/3/2022,0,LA
15,8/4/2022,0,LA
15,8/5/2022,0,LA
15,8/6/2022,0,LA
15,8/7/2022,0,LA
15,8/8/2022,0,LA
15,8/9/2022,0,LA
15,8/10/2022,0,LA
15,8/11/2022,0,LA
15,8/12/2022,0,LA
15,8/13/2022,0,LA
15,8/14/2022,0,LA
15,8/15/2022,0,LA
15,8/16/2022,0,LA
15,8/17/2022,0,LA
15,8/18/2022,0,LA
15,8/19/2022,0,LA
15,8/20/2022,0,LA
15,8/21/2022,0,LA
15,8/22/2022,0,LA
15,8/23/2022,0,LA
15,8/24/2022,0,LA
15,8/25/2022,0,LA
15,8/26/2022,0,LA
15,8/27/2022,0,LA
15,8/28/2022,0,LA
15,8/29/2022,0,LA
15,8/30/2022,0,LA
15,8/31/2022,0,LA
15,9/1/2022,0,LA
15,9/2/2022,0,LA
15,9/3/2022,0,LA
15,9/4/2022,0,LA
15,9/5/2022,0,LA
15,9/6/2022,0,LA
15,9/7/2022,0,LA
15,9/8/2022,0,LA
15,9/9/2022,0,LA
15,9/10/2022,0,LA
15,9/11/2022,0,LA
15,9/12/2022,0,LA
15,9/13/2022,0,LA
15,9/14/2022,0,LA
15,9/15/2022,0,LA
15,9/16/2022,0,LA
15,9/17/2022,0,LA
15,9/18/2022,0,LA
15,9/19/2022,0,LA
15,9/20/2022,0,LA
15,9/21/2022,0,LA
15,9/22/2022,0,LA
15,9/23/2022,0,LA
15,9/24/2022,0,LA
15,9/25/2022,0,LA
15,9/26/2022,0,LA
15,9/27/2022,0,LA
15,9/28/2022,0,LA
15,9/29/2022,0,LA
15,9/30/2022,0,LA
15,10/1/2022,0,LA
15,10/2/2022,0,LA
15,10/3/2022,0,LA
15,10/4/2022,0,LA
15,10/5/2022,0,LA
15,10/6/2022,0,LA
15,10/7/2022,0,LA
15,10/8/2022,0,LA
15,10/9/2022,0,LA
15,10/10/2022,0,LA
15,10/11/2022,0,LA
15,10/12/2022,0,LA
15,10/13/2022,0,LA
15,10/14/2022,0,LA
15,10/15/2022,0,LA
15,10/16/2022,0,LA
15,10/17/2022,0,LA
15,10/18/2022,0,LA
15,10/19/2022,0,LA
15,10/20/2022,0,LA
15,10/21/2022,0,LA
15,10/22/2022,0,LA
15,10/23/2022,0,LA
15,10/24/2022,0,LA
15,10/25/2022,0,LA
15,10/26/2022,0,LA
15,10/27/2022,0,LA
15,10/28/2022,0,LA
15,10/29/2022,0,LA
15,10/30/2022,0,LA
15,10/31/2022,0,LA
15,11/1/2022,0,LA
15,11/2/2022,0,LA
15,11/3/2022,0,LA
15,11/4/2022,0,LA
15,11/5/2022,0,LA
15,11/6/2022,0,LA
15,11/7/2022,0,LA
15,11/8/2022,0,LA
15,11/9/2022,0,LA
15,11/10/2022,0,LA
15,11/11/2022,0,LA
15,11/12/2022,0,LA
15,11/13/2022,0,LA
15,11/14/2022,0,LA
15,11/15/2022,0,LA
15,11/16/2022,0,LA
15,11/17/2022,1,LA
15,11/18/2022,1,LA
15,11/19/2022,1,LA
15,11/20/2022,1,LA
15,11/21/2022,1,LA
15,11/22/2022,1,LA
15,11/23/2022,1,LA
15,11/24/2022,1,LA
15,11/25/2022,1,LA
15,11/26/2022,1,LA
15,11/27/2022,1,LA
15,11/28/2022,1,LA
15,11/29/2022,1,LA
15,11/30/2022,1,LA
15,12/1/2022,1,LA
15,12/2/2022,1,LA
15,12/3/2022,1,LA
15,12/4/2022,1,LA
15,12/5/2022,1,LA
15,12/6/2022,1,LA
15,12/7/2022,1,LA
15,12/8/2022,0,LA
15,12/9/2022,0,LA
15,12/10/2022,0,LA
15,12/11/2022,0,LA
15,12/12/2022,0,LA
15,12/13/2022,0,LA
15,12/14/2022,0,LA
15,12/15/2022,0,LA
15,12/16/2022,0,LA
15,12/17/2022,0,LA
15,12/18/2022,0,LA
15,12/19/2022,0,LA
15,12/20/2022,0,LA
15,12/21/2022,0,LA
15,12/22/2022,0,LA
15,12/23/2022,0,LA
15,12/24/2022,0,LA
15,12/25/2022,0,LA
15,12/26/2022,0,LA
15,12/27/2022,0,LA
15,12/28/2022,0,LA
15,12/29/2022,0,LA
15,12/30/2022,0,LA
15,12/31/2022,0,LA
15,1/1/2023,0,LA
15,1/2/2023,0,LA
15,1/3/2023,0,LA
15,1/4/2023,0,LA
15,1/5/2023,0,LA
15,1/6/2023,0,LA
15,1/7/2023,0,LA
15,1/8/2023,0,LA
15,1/9/2023,0,LA
15,1/10/2023,0,LA
15,1/11/2023,0,LA
15,1/12/2023,0,LA
15,1/13/2023,0,LA
15,1/14/2023,0,LA
15,1/15/2023,0,LA
15,1/16/2023,0,LA
15,1/17/2023,0,LA
15,1/18/2023,0,LA
15,1/19/2023,0,LA
15,1/20/2023,0,LA
15,1/21/2023,0,LA
15,1/22/2023,0,LA
15,1/23/2023,0,LA
15,1/24/2023,0,LA
15,1/25/2023,0,LA
15,1/26/2023,0,LA
15,1/27/2023,0,LA
15,1/28/2023,0,LA
15,1/29/2023,0,LA
15,1/30/2023,0,LA
15,1/31/2023,0,LA
15,2/1/2023,0,LA
15,2/2/2023,0,LA
15,2/3/2023,0,LA
15,2/4/2023,0,LA
15,2/5/2023,0,LA
15,2/6/2023,0,LA
15,2/7/2023,0,LA
15,2/8/2023,0,LA
15,2/9/2023,0,LA
15,2/10/2023,0,LA
15,2/11/2023,0,LA
15,2/12/2023,0,LA
15,2/13/2023,0,LA
15,2/14/2023,0,LA
15,2/15/2023,0,LA
15,2/16/2023,0,LA
15,2/17/2023,0,LA
15,2/18/2023,0,LA
15,2/19/2023,0,LA
15,2/20/2023,0,LA
15,2/21/2023,0,LA
15,2/22/2023,0,LA
15,2/23/2023,0,LA
15,2/24/2023,0,LA
15,2/25/2023,0,LA
15,2/26/2023,0,LA
15,2/27/2023,0,LA
15,2/28/2023,0,LA
15,3/1/2023,0,LA
15,3/2/2023,0,LA
15,3/3/2023,0,LA
15,3/4/2023,0,LA
15,3/5/2023,0,LA
15,3/6/2023,0,LA
15,3/7/2023,0,LA
15,3/8/2023,0,LA
15,3/9/2023,0,LA
15,3/10/2023,0,LA
15,3/11/2023,0,LA
15,3/12/2023,0,LA
15,3/13/2023,0,LA
15,3/14/2023,0,LA
15,3/15/2023,0,LA
15,3/16/2023,0,LA
15,3/17/2023,0,LA
15,3/18/2023,0,LA
15,3/19/2023,0,LA
15,3/20/2023,0,LA
15,3/21/2023,0,LA
15,3/22/2023,0,LA
15,3/23/2023,0,LA
15,3/24/2023,0,LA
15,3/25/2023,0,LA
15,3/26/2023,0,LA
15,3/27/2023,0,LA
15,3/28/2023,0,LA
15,3/29/2023,0,LA
15,3/30/2023,0,LA
15,3/31/2023,0,LA
15,4/1/2023,0,LA
15,4/2/2023,0,LA
15,4/3/2023,0,LA
15,4/4/2023,0,LA
15,4/5/2023,0,LA
15,4/6/2023,0,LA
15,4/7/2023,0,LA
15,4/8/2023,0,LA
15,4/9/2023,0,LA
15,4/10/2023,0,LA
15,4/11/2023,0,LA
15,4/12/2023,0,LA
15,4/13/2023,0,LA
15,4/14/2023,0,LA
15,4/15/2023,0,LA
15,4/16/2023,0,LA
15,4/17/2023,0,LA
15,4/18/2023,0,LA
15,4/19/2023,0,LA
15,4/20/2023,0,LA
15,4/21/2023,0,LA
15,4/22/2023,0,LA
15,4/23/2023,0,LA
15,4/24/2023,0,LA
15,4/25/2023,0,LA
15,4/26/2023,0,LA
15,4/27/2023,0,LA
15,4/28/2023,0,LA
15,4/29/2023,0,LA
15,4/30/2023,0,LA
19,10/31/2022,0,BC
19,11/1/2022,0,BC
19,11/2/2022,0,BC
19,11/3/2022,0,BC
19,11/4/2022,0,BC
19,11/5/2022,0,BC
19,11/6/2022,0,BC
19,11/7/2022,0,BC
19,11/8/2022,0,BC
19,11/9/2022,0,BC
19,11/10/2022,0,BC
19,11/11/2022,0,BC
19,11/12/2022,0,BC
19,11/13/2022,0,BC
19,11/14/2022,0,BC
19,11/15/2022,0,BC
19,11/16/2022,0,BC
19,11/17/2022,0,BC
19,11/18/2022,0,BC
19,11/19/2022,0,BC
19,11/20/2022,0,BC
19,11/21/2022,0,BC
19,11/22/2022,0,BC
19,11/23/2022,0,BC
19,11/24/2022,0,BC
19,11/25/2022,0,BC
19,11/26/2022,0,BC
19,11/27/2022,0,BC
19,11/28/2022,0,BC
19,11/29/2022,0,BC
19,11/30/2022,0,BC
19,12/1/2022,0,BC
19,12/2/2022,0,BC
19,12/3/2022,0,BC
19,12/4/2022,0,BC
19,12/5/2022,0,BC
19,12/6/2022,0,BC
19,12/7/2022,0,BC
19,12/8/2022,0,BC
19,12/9/2022,0,BC
19,12/10/2022,0,BC
19,12/11/2022,0,BC
19,12/12/2022,0,BC
19,12/13/2022,0,BC
19,12/14/2022,0,BC
19,12/15/2022,0,BC
19,12/16/2022,0,BC
19,12/17/2022,0,BC
19,12/18/2022,0,BC
19,12/19/2022,0,BC
19,12/20/2022,0,BC
19,12/21/2022,0,BC
19,12/22/2022,0,BC
19,12/23/2022,0,BC
19,12/24/2022,0,BC
19,12/25/2022,0,BC
19,12/26/2022,0,BC
19,12/27/2022,0,BC
19,12/28/2022,0,BC
19,12/29/2022,0,BC
19,12/30/2022,0,BC
19,12/31/2022,0,BC
19,1/1/2023,0,BC
19,1/2/2023,0,BC
19,1/3/2023,0,BC
19,1/4/2023,0,BC
19,1/5/2023,0,BC
19,1/6/2023,0,BC
19,1/7/2023,0,BC
19,1/8/2023,0,BC
19,1/9/2023,0,BC
19,1/10/2023,0,BC
19,1/11/2023,0,BC
19,1/12/2023,0,BC
19,1/13/2023,0,BC
19,1/14/2023,0,BC
19,1/15/2023,0,BC
19,1/16/2023,1,BC
19,1/17/2023,1,BC
19,1/18/2023,1,BC
19,1/19/2023,1,BC
19,1/20/2023,1,BC
19,1/21/2023,1,BC
19,1/22/2023,1,BC
19,1/23/2023,1,BC
19,1/24/2023,1,BC
19,1/25/2023,1,BC
19,1/26/2023,1,BC
19,1/27/2023,1,BC
19,1/28/2023,1,BC
19,1/29/2023,1,BC
19,1/30/2023,1,BC
19,1/31/2023,1,BC
19,2/1/2023,1,BC
19,2/2/2023,1,BC
19,2/3/2023,1,BC
19,2/4/2023,1,BC
19,2/5/2023,1,BC
19,2/6/2023,1,BC
19,2/7/2023,1,BC
19,2/8/2023,1,BC
19,2/9/2023,1,BC
19,2/10/2023,1,BC
19,2/11/2023,1,BC
19,2/12/2023,1,BC
19,2/13/2023,1,BC
19,2/14/2023,1,BC
19,2/15/2023,1,BC
19,2/16/2023,1,BC
19,2/17/2023,1,BC
19,2/18/2023,0,BC
19,2/19/2023,0,BC
19,2/20/2023,0,BC
19,2/21/2023,0,BC
19,2/22/2023,0,BC
19,2/23/2023,0,BC
19,2/24/2023,0,BC
19,2/25/2023,0,BC
19,2/26/2023,0,BC
19,2/27/2023,0,BC
19,2/28/2023,0,BC
19,3/1/2023,0,BC
19,3/2/2023,0,BC
19,3/3/2023,0,BC
19,3/4/2023,0,BC
19,3/5/2023,0,BC
19,3/6/2023,0,BC
19,3/7/2023,0,BC
19,3/8/2023,0,BC
19,3/9/2023,0,BC
19,3/10/2023,0,BC
19,3/11/2023,0,BC
19,3/12/2023,0,BC
19,3/13/2023,0,BC
19,3/14/2023,0,BC
19,3/15/2023,0,BC
19,3/16/2023,0,BC
19,3/17/2023,0,BC
19,3/18/2023,0,BC
19,3/19/2023,0,BC
19,3/20/2023,0,BC
19,3/21/2023,0,BC
19,3/22/2023,0,BC
19,3/23/2023,0,BC
19,3/24/2023,0,BC
19,3/25/2023,0,BC
19,3/26/2023,0,BC
19,3/27/2023,0,BC
19,3/28/2023,0,BC
19,3/29/2023,0,BC
19,3/30/2023,0,BC
19,3/31/2023,0,BC
19,4/1/2023,0,BC
19,4/2/2023,0,BC
19,4/3/2023,0,BC
19,4/4/2023,0,BC
19,4/5/2023,0,BC
19,4/6/2023,0,BC
19,4/7/2023,0,BC
19,4/8/2023,0,BC
19,4/9/2023,0,BC
19,4/10/2023,0,BC
19,4/11/2023,0,BC
19,4/12/2023,0,BC
19,4/13/2023,0,BC
19,4/14/2023,0,BC
19,4/15/2023,0,BC
19,4/16/2023,0,BC
19,4/17/2023,0,BC
19,4/18/2023,0,BC
19,4/19/2023,0,BC
19,4/20/2023,0,BC
19,4/21/2023,0,BC
19,4/22/2023,0,BC
19,4/23/2023,0,BC
19,4/24/2023,0,BC
19,4/25/2023,0,BC
19,4/26/2023,0,BC
19,4/27/2023,0,BC
19,4/28/2023,0,BC
19,4/29/2023,0,BC
19,4/30/2023,0,BC
19,5/1/2023,0,BC
19,5/2/2023,0,BC
19,5/3/2023,0,BC
19,5/4/2023,0,BC
19,5/5/2023,0,BC
19,5/6/2023,0,BC
19,5/7/2023,0,BC
19,5/8/2023,0,BC
19,5/9/2023,0,BC
19,5/10/2023,0,BC
19,5/11/2023,0,BC
19,5/12/2023,0,BC
19,5/13/2023,0,BC
19,5/14/2023,0,BC
19,5/15/2023,0,BC
19,5/16/2023,0,BC
19,5/17/2023,0,BC
19,5/18/2023,0,BC
19,5/19/2023,0,BC
19,5/20/2023,0,BC
19,5/21/2023,0,BC
19,5/22/2023,0,BC
19,5/23/2023,0,BC
19,5/24/2023,0,BC
19,5/25/2023,0,BC
19,5/26/2023,0,BC
19,5/27/2023,0,BC
22,12/1/2016,0,WA
22,12/2/2016,0,WA
22,12/3/2016,0,WA
22,12/4/2016,0,WA
22,12/5/2016,0,WA
22,12/6/2016,0,WA
22,12/7/2016,0,WA
22,12/8/2016,0,WA
22,12/9/2016,0,WA
22,12/10/2016,0,WA
22,12/11/2016,0,WA
22,12/12/2016,0,WA
22,12/13/2016,0,WA
22,12/14/2016,0,WA
22,12/15/2016,0,WA
22,12/16/2016,0,WA
22,12/17/2016,0,WA
22,12/18/2016,0,WA
22,12/19/2016,0,WA
22,12/20/2016,0,WA
22,12/21/2016,0,WA
22,12/22/2016,0,WA
22,12/23/2016,0,WA
22,12/24/2016,0,WA
22,12/25/2016,0,WA
22,12/26/2016,0,WA
22,12/27/2016,0,WA
22,12/28/2016,0,WA
22,12/29/2016,0,WA
22,12/30/2016,0,WA
22,12/31/2016,0,WA
22,1/1/2017,0,WA
22,1/2/2017,0,WA
22,1/3/2017,0,WA
22,1/4/2017,0,WA
22,1/5/2017,0,WA
22,1/6/2017,0,WA
22,1/7/2017,0,WA
22,1/8/2017,0,WA
22,1/9/2017,0,WA
22,1/10/2017,0,WA
22,1/11/2017,0,WA
22,1/12/2017,0,WA
22,1/13/2017,0,WA
22,1/14/2017,0,WA
22,1/15/2017,0,WA
22,1/16/2017,0,WA
22,1/17/2017,0,WA
22,1/18/2017,0,WA
22,1/19/2017,0,WA
22,1/20/2017,0,WA
22,1/21/2017,0,WA
22,1/22/2017,0,WA
22,1/23/2017,0,WA
22,1/24/2017,0,WA
22,1/25/2017,0,WA
22,1/26/2017,0,WA
22,1/27/2017,0,WA
22,1/28/2017,0,WA
22,1/29/2017,0,WA
22,1/30/2017,0,WA
22,1/31/2017,0,WA
22,2/1/2017,0,WA
22,2/2/2017,0,WA
22,2/3/2017,0,WA
22,2/4/2017,0,WA
22,2/5/2017,0,WA
22,2/6/2017,0,WA
22,2/7/2017,0,WA
22,2/8/2017,0,WA
22,2/9/2017,0,WA
22,2/10/2017,0,WA
22,2/11/2017,0,WA
22,2/12/2017,0,WA
22,2/13/2017,0,WA
22,2/14/2017,0,WA
22,2/15/2017,0,WA
22,2/16/2017,0,WA
22,2/17/2017,0,WA
22,2/18/2017,0,WA
22,2/19/2017,0,WA
22,2/20/2017,0,WA
22,2/21/2017,0,WA
22,2/22/2017,0,WA
22,2/23/2017,0,WA
22,2/24/2017,0,WA
22,2/25/2017,0,WA
22,2/26/2017,0,WA
22,2/27/2017,0,WA
22,2/28/2017,0,WA
22,3/1/2017,0,WA
22,3/2/2017,0,WA
22,3/3/2017,0,WA
22,3/4/2017,0,WA
22,3/5/2017,0,WA
22,3/6/2017,0,WA
22,3/7/2017,1,WA
22,3/8/2017,1,WA
22,3/9/2017,1,WA
22,3/10/2017,1,WA
22,3/11/2017,1,WA
22,3/12/2017,1,WA
22,3/13/2017,1,WA
22,3/14/2017,1,WA
22,3/15/2017,1,WA
22,3/16/2017,1,WA
22,3/17/2017,1,WA
22,3/18/2017,0,WA
22,3/19/2017,0,WA
22,3/20/2017,0,WA
22,3/21/2017,0,WA
22,3/22/2017,0,WA
22,3/23/2017,0,WA
22,3/24/2017,0,WA
22,3/25/2017,0,WA
22,3/26/2017,0,WA
22,3/27/2017,0,WA
22,3/28/2017,0,WA
22,3/29/2017,0,WA
22,3/30/2017,0,WA
22,3/31/2017,0,WA
22,4/1/2017,0,WA
22,4/2/2017,0,WA
22,4/3/2017,0,WA
22,4/4/2017,0,WA
22,4/5/2017,0,WA
22,4/6/2017,0,WA
22,4/7/2017,0,WA
22,4/8/2017,0,WA
22,4/9/2017,0,WA
22,4/10/2017,0,WA
22,4/11/2017,0,WA
22,4/12/2017,0,WA
22,4/13/2017,0,WA
22,4/14/2017,0,WA
22,4/15/2017,0,WA
22,4/16/2017,0,WA
22,4/17/2017,0,WA
22,4/18/2017,0,WA
22,4/19/2017,0,WA
22,4/20/2017,0,WA
22,4/21/2017,0,WA
22,4/22/2017,0,WA
22,4/23/2017,0,WA
22,4/24/2017,0,WA
22,4/25/2017,0,WA
22,4/26/2017,0,WA
22,4/27/2017,0,WA
22,4/28/2017,0,WA
22,4/29/2017,0,WA
22,4/30/2017,0,WA
22,5/1/2017,0,WA
22,5/2/2017,0,WA
22,5/3/2017,0,WA
22,5/4/2017,0,WA
22,5/5/2017,0,WA
22,5/6/2017,0,WA
22,5/7/2017,0,WA
22,5/8/2017,0,WA
22,5/9/2017,0,WA
22,5/10/2017,0,WA
22,5/11/2017,0,WA
22,5/12/2017,0,WA
22,5/13/2017,0,WA
22,5/14/2017,0,WA
22,5/15/2017,0,WA
22,5/16/2017,0,WA
22,5/17/2017,0,WA
22,5/18/2017,0,WA
22,5/19/2017,0,WA
22,5/20/2017,0,WA
22,5/21/2017,0,WA
22,5/22/2017,0,WA
22,5/23/2017,0,WA
22,5/24/2017,0,WA
22,5/25/2017,0,WA
22,5/26/2017,0,WA
22,5/27/2017,0,WA
22,5/28/2017,0,WA
22,5/29/2017,0,WA
22,5/30/2017,0,WA
22,5/31/2017,0,WA
22,6/1/2017,0,WA
22,6/2/2017,0,WA
22,6/3/2017,0,WA
22,6/4/2017,0,WA
22,6/5/2017,0,WA
22,6/6/2017,0,WA
22,6/7/2017,0,WA
22,6/8/2017,0,WA
22,6/9/2017,0,WA
22,6/10/2017,0,WA
22,6/11/2017,0,WA
22,6/12/2017,0,WA
22,6/13/2017,0,WA
22,6/14/2017,0,WA
22,6/15/2017,0,WA
22,6/16/2017,0,WA
22,6/17/2017,0,WA
22,6/18/2017,0,WA
22,6/19/2017,0,WA
22,6/20/2017,0,WA
22,6/21/2017,0,WA
22,6/22/2017,0,WA
22,6/23/2017,0,WA
22,6/24/2017,0,WA
22,6/25/2017,0,WA
22,6/26/2017,0,WA
22,6/27/2017,0,WA
22,6/28/2017,0,WA
22,6/29/2017,0,WA
22,6/30/2017,0,WA
22,7/1/2017,0,WA
22,7/2/2017,0,WA
22,7/3/2017,0,WA
22,7/4/2017,0,WA
22,7/5/2017,0,WA
22,7/6/2017,0,WA
22,7/7/2017,0,WA
22,7/8/2017,0,WA
22,7/9/2017,0,WA
22,7/10/2017,0,WA
22,7/11/2017,0,WA
22,7/12/2017,0,WA
22,7/13/2017,0,WA
22,7/14/2017,0,WA
22,7/15/2017,0,WA
22,7/16/2017,0,WA
22,7/17/2017,0,WA
22,7/18/2017,0,WA
22,7/19/2017,0,WA
22,7/20/2017,0,WA
22,7/21/2017,0,WA
22,7/22/2017,0,WA
22,7/23/2017,0,WA
22,7/24/2017,0,WA
22,7/25/2017,0,WA
22,7/26/2017,0,WA
22,7/27/2017,0,WA
22,7/28/2017,0,WA
22,7/29/2017,0,WA
22,7/30/2017,0,WA
22,7/31/2017,0,WA
22,8/1/2017,0,WA
22,8/2/2017,0,WA
22,8/3/2017,0,WA
22,8/4/2017,0,WA
22,8/5/2017,0,WA
22,8/6/2017,0,WA
22,8/7/2017,0,WA
22,8/8/2017,0,WA
22,8/9/2017,0,WA
22,8/10/2017,0,WA
22,8/11/2017,0,WA
22,8/12/2017,0,WA
22,8/13/2017,0,WA
22,8/14/2017,0,WA
22,8/15/2017,0,WA
22,8/16/2017,0,WA
22,8/17/2017,0,WA
22,8/18/2017,0,WA
22,8/19/2017,0,WA
22,8/20/2017,0,WA
22,8/21/2017,0,WA
22,8/22/2017,0,WA
22,8/23/2017,0,WA
22,8/24/2017,0,WA
22,8/25/2017,0,WA
22,8/26/2017,0,WA
22,8/27/2017,0,WA
22,8/28/2017,0,WA
22,8/29/2017,0,WA
22,8/30/2017,0,WA
22,8/31/2017,0,WA
22,9/1/2017,0,WA
22,9/2/2017,0,WA
22,9/3/2017,0,WA
22,9/4/2017,0,WA
22,9/5/2017,0,WA
22,9/6/2017,0,WA
22,9/7/2017,0,WA
22,9/8/2017,0,WA
22,9/9/2017,0,WA
22,9/10/2017,0,WA
22,9/11/2017,0,WA
22,9/12/2017,0,WA
22,9/13/2017,0,WA
22,9/14/2017,0,WA
22,9/15/2017,0,WA
22,9/16/2017,0,WA
22,9/17/2017,0,WA
22,9/18/2017,0,WA
22,9/19/2017,0,WA
22,9/20/2017,0,WA
22,9/21/2017,0,WA
22,9/22/2017,0,WA
22,9/23/2017,0,WA
22,9/24/2017,0,WA
22,9/25/2017,0,WA
22,9/26/2017,0,WA
22,9/27/2017,0,WA
22,9/28/2017,0,WA
22,9/29/2017,0,WA
22,9/30/2017,0,WA
22,10/1/2017,0,WA
22,10/2/2017,0,WA
22,10/3/2017,0,WA
22,10/4/2017,0,WA
22,10/5/2017,0,WA
22,10/6/2017,0,WA
22,10/7/2017,0,WA
22,10/8/2017,0,WA
22,10/9/2017,0,WA
22,10/10/2017,0,WA
22,10/11/2017,0,WA
22,10/12/2017,0,WA
22,10/13/2017,0,WA
22,10/14/2017,0,WA
22,10/15/2017,0,WA
22,10/16/2017,0,WA
22,10/17/2017,0,WA
22,10/18/2017,0,WA
22,10/19/2017,0,WA
22,10/20/2017,0,WA
22,10/21/2017,0,WA
22,10/22/2017,0,WA
22,10/23/2017,0,WA
22,10/24/2017,0,WA
22,10/25/2017,0,WA
22,10/26/2017,0,WA
22,10/27/2017,0,WA
22,10/28/2017,0,WA
22,10/29/2017,0,WA
22,10/30/2017,0,WA
22,10/31/2017,0,WA
26,1/31/2024,0,WA
26,2/1/2024,0,WA
26,2/2/2024,0,WA
26,2/3/2024,0,WA
26,2/4/2024,0,WA
26,2/5/2024,0,WA
26,2/6/2024,0,WA
26,2/7/2024,0,WA
26,2/8/2024,0,WA
26,2/9/2024,0,WA
26,2/10/2024,0,WA
26,2/11/2024,0,WA
26,2/12/2024,0,WA
26,2/13/2024,0,WA
26,2/14/2024,0,WA
26,2/15/2024,0,WA
26,2/16/2024,0,WA
26,2/17/2024,0,WA
26,2/18/2024,0,WA
26,2/19/2024,0,WA
26,2/20/2024,0,WA
26,2/21/2024,0,WA
26,2/22/2024,0,WA
26,2/23/2024,0,WA
26,2/24/2024,0,WA
26,2/25/2024,0,WA
26,2/26/2024,0,WA
26,2/27/2024,0,WA
26,2/28/2024,0,WA
26,2/29/2024,0,WA
26,3/1/2024,0,WA
26,3/2/2024,0,WA
26,3/3/2024,0,WA
26,3/4/2024,0,WA
26,3/5/2024,0,WA
26,3/6/2024,0,WA
26,3/7/2024,0,WA
26,3/8/2024,0,WA
26,3/9/2024,0,WA
26,3/10/2024,0,WA
26,3/11/2024,0,WA
26,3/12/2024,0,WA
26,3/13/2024,0,WA
26,3/14/2024,0,WA
26,3/15/2024,0,WA
26,3/16/2024,0,WA
26,3/17/2024,0,WA
26,3/18/2024,0,WA
26,3/19/2024,0,WA
26,3/20/2024,0,WA
26,3/21/2024,0,WA
26,3/22/2024,0,WA
26,3/23/2024,0,WA
26,3/24/2024,0,WA
26,3/25/2024,0,WA
26,3/26/2024,0,WA
26,3/27/2024,0,WA
26,3/28/2024,0,WA
26,3/29/2024,0,WA
26,3/30/2024,0,WA
26,3/31/2024,0,WA
26,4/1/2024,0,WA
26,4/2/2024,0,WA
26,4/3/2024,0,WA
26,4/4/2024,0,WA
26,4/5/2024,0,WA
26,4/6/2024,0,WA
26,4/7/2024,0,WA
26,4/8/2024,0,WA
26,4/9/2024,0,WA
26,4/10/2024,0,WA
26,4/11/2024,0,WA
26,4/12/2024,0,WA
26,4/13/2024,0,WA
26,4/14/2024,0,WA
26,4/15/2024,0,WA
26,4/16/2024,0,WA
26,4/17/2024,0,WA
26,4/18/2024,0,WA
26,4/19/2024,0,WA
26,4/20/2024,0,WA
26,4/21/2024,0,WA
26,4/22/2024,0,WA
26,4/23/2024,0,WA
26,4/24/2024,0,WA
26,4/25/2024,0,WA
26,4/26/2024,0,WA
26,4/27/2024,0,WA
26,4/28/2024,0,WA
26,4/29/2024,0,WA
26,4/30/2024,0,WA
26,5/1/2024,0,WA
26,5/2/2024,0,WA
26,5/3/2024,0,WA
26,5/4/2024,0,WA
26,5/5/2024,0,WA
26,5/6/2024,0,WA
26,5/7/2024,0,WA
26,5/8/2024,0,WA
26,5/9/2024,0,WA
26,5/10/2024,0,WA
26,5/11/2024,0,WA
26,5/12/2024,0,WA
26,5/13/2024,0,WA
26,5/14/2024,0,WA
26,5/15/2024,0,WA
26,5/16/2024,0,WA
26,5/17/2024,0,WA
26,5/18/2024,0,WA
26,5/19/2024,0,WA
26,5/20/2024,0,WA
26,5/21/2024,0,WA
26,5/22/2024,0,WA
26,5/23/2024,0,WA
26,5/24/2024,0,WA
26,5/25/2024,0,WA
26,5/26/2024,0,WA
26,5/27/2024,0,WA
26,5/28/2024,0,WA
26,5/29/2024,0,WA
26,5/30/2024,0,WA
26,5/31/2024,0,WA
26,6/1/2024,0,WA
26,6/2/2024,0,WA
26,6/3/2024,0,WA
26,6/4/2024,0,WA
26,6/5/2024,0,WA
26,6/6/2024,0,WA
26,6/7/2024,0,WA
26,6/8/2024,0,WA
26,6/9/2024,0,WA
26,6/10/2024,0,WA
26,6/11/2024,0,WA
26,6/12/2024,0,WA
26,6/13/2024,0,WA
26,6/14/2024,0,WA
26,6/15/2024,0,WA
26,6/16/2024,0,WA
26,6/17/2024,0,WA
26,6/18/2024,0,WA
26,6/19/2024,0,WA
26,6/20/2024,0,WA
26,6/21/2024,0,WA
26,6/22/2024,0,WA
26,6/23/2024,0,WA
26,6/24/2024,0,WA
26,6/25/2024,0,WA
26,6/26/2024,0,WA
26,6/27/2024,0,WA
26,6/28/2024,0,WA
26,6/29/2024,0,WA
26,6/30/2024,0,WA
26,7/1/2024,0,WA
26,7/2/2024,0,WA
26,7/3/2024,0,WA
26,7/4/2024,0,WA
26,7/5/2024,0,WA
26,7/6/2024,0,WA
26,7/7/2024,0,WA
26,7/8/2024,0,WA
26,7/9/2024,0,WA
26,7/10/2024,0,WA
26,7/11/2024,0,WA
26,7/12/2024,0,WA
26,7/13/2024,0,WA
26,7/14/2024,0,WA
26,7/15/2024,0,WA
26,7/16/2024,0,WA
26,7/17/2024,0,WA
26,7/18/2024,0,WA
26,7/19/2024,0,WA
26,7/20/2024,0,WA
26,7/21/2024,0,WA
26,7/22/2024,0,WA
26,7/23/2024,0,WA
26,7/24/2024,0,WA
26,7/25/2024,0,WA
26,7/26/2024,0,WA
26,7/27/2024,0,WA
26,7/28/2024,0,WA
26,7/29/2024,0,WA
26,7/30/2024,0,WA
26,7/31/2024,0,WA
26,8/1/2024,0,WA
26,8/2/2024,0,WA
26,8/3/2024,0,WA
26,8/4/2024,0,WA
26,8/5/2024,0,WA
26,8/6/2024,0,WA
26,8/7/2024,0,WA
26,8/8/2024,0,WA
26,8/9/2024,0,WA
26,8/10/2024,0,WA
26,8/11/2024,0,WA
26,8/12/2024,0,WA
26,8/13/2024,0,WA
26,8/14/2024,0,WA
26,8/15/2024,0,WA
26,8/16/2024,0,WA
26,8/17/2024,0,WA
26,8/18/2024,0,WA
26,8/19/2024,0,WA
26,8/20/2024,0,WA
26,8/21/2024,0,WA
26,8/22/2024,0,WA
26,8/23/2024,0,WA
26,8/24/2024,0,WA
26,8/25/2024,0,WA
26,8/26/2024,0,WA
26,8/27/2024,0,WA
26,8/28/2024,0,WA
26,8/29/2024,0,WA
26,8/30/2024,0,WA
26,8/31/2024,0,WA
26,9/1/2024,0,WA
26,9/2/2024,0,WA
26,9/3/2024,0,WA
26,9/4/2024,0,WA
26,9/5/2024,0,WA
26,9/6/2024,0,WA
26,9/7/2024,0,WA
26,9/8/2024,0,WA
26,9/9/2024,0,WA
26,9/10/2024,0,WA
26,9/11/2024,0,WA
26,9/12/2024,0,WA
26,9/13/2024,0,WA
26,9/14/2024,0,WA
26,9/15/2024,0,WA
26,9/16/2024,0,WA
26,9/17/2024,0,WA
26,9/18/2024,0,WA
26,9/19/2024,0,WA
26,9/20/2024,0,WA
26,9/21/2024,0,WA
26,9/22/2024,0,WA
26,9/23/2024,0,WA
26,9/24/2024,0,WA
26,9/25/2024,0,WA
26,9/26/2024,0,WA
26,9/27/2024,0,WA
26,9/28/2024,0,WA
26,9/29/2024,0,WA
26,9/30/2024,0,WA
26,10/1/2024,0,WA
26,10/2/2024,0,WA
26,10/3/2024,0,WA
26,10/4/2024,0,WA
26,10/5/2024,0,WA
26,10/6/2024,0,WA
26,10/7/2024,0,WA
26,10/8/2024,0,WA
26,10/9/2024,0,WA
26,10/10/2024,0,WA
26,10/11/2024,0,WA
26,10/12/2024,0,WA
26,10/13/2024,0,WA
26,10/14/2024,0,WA
26,10/15/2024,0,WA
26,10/16/2024,0,WA
26,10/17/2024,0,WA
26,10/18/2024,0,WA
26,10/19/2024,0,WA
26,10/20/2024,0,WA
26,10/21/2024,0,WA
26,10/22/2024,0,WA
26,10/23/2024,0,WA
26,10/24/2024,0,WA
26,10/25/2024,0,WA
26,10/26/2024,0,WA
26,10/27/2024,0,WA
26,10/28/2024,0,WA
26,10/29/2024,0,WA
26,10/30/2024,0,WA
26,10/31/2024,0,WA
26,11/1/2024,0,WA
26,11/2/2024,0,WA
26,11/3/2024,0,WA
26,11/4/2024,0,WA
26,11/5/2024,0,WA
26,11/6/2024,0,WA
26,11/7/2024,0,WA
26,11/8/2024,0,WA
26,11/9/2024,0,WA
26,11/10/2024,0,WA
26,11/11/2024,0,WA
26,11/12/2024,0,WA
26,11/13/2024,0,WA
26,11/14/2024,0,WA
26,11/15/2024,1,WA
26,11/16/2024,1,WA
26,11/17/2024,1,WA
26,11/18/2024,1,WA
26,11/19/2024,1,WA
26,11/20/2024,1,WA
26,11/21/2024,1,WA
26,11/22/2024,1,WA
26,11/23/2024,1,WA
26,11/24/2024,1,WA
26,11/25/2024,1,WA
26,11/26/2024,1,WA
26,11/27/2024,1,WA
26,11/28/2024,1,WA
26,11/29/2024,1,WA
26,11/30/2024,1,WA
26,12/1/2024,1,WA
26,12/2/2024,1,WA
26,12/3/2024,1,WA
26,12/4/2024,1,WA
26,12/5/2024,1,WA
26,12/6/2024,1,WA
26,12/7/2024,1,WA
26,12/8/2024,1,WA
26,12/9/2024,1,WA
26,12/10/2024,1,WA
26,12/11/2024,1,WA
26,12/12/2024,1,WA
26,12/13/2024,1,WA
26,12/14/2024,1,WA
26,12/15/2024,1,WA
26,12/16/2024,1,WA
26,12/17/2024,1,WA
26,12/18/2024,0,WA
26,12/19/2024,0,WA
26,12/20/2024,0,WA
26,12/21/2024,0,WA
26,12/22/2024,0,WA
26,12/23/2024,0,WA
26,12/24/2024,0,WA
26,12/25/2024,0,WA
26,12/26/2024,0,WA
26,12/27/2024,0,WA
26,12/28/2024,0,WA
26,12/29/2024,0,WA
26,12/30/2024,0,WA
26,12/31/2024,0,WA
30,4/30/2023,0,FR
30,5/1/2023,0,FR
30,5/2/2023,0,FR
30,5/3/2023,0,FR
30,5/4/2023,0,FR
30,5/5/2023,0,FR
30,5/6/2023,0,FR
30,5/7/2023,0,FR
30,5/8/2023,0,FR
30,5/9/2023,0,FR
30,5/10/2023,0,FR
30,5/11/2023,0,FR
30,5/12/2023,0,FR
30,5/13/2023,0,FR
30,5/14/2023,0,FR
30,5/15/2023,0,FR
30,5/16/2023,0,FR
30,5/17/2023,0,FR
30,5/18/2023,0,FR
30,5/19/2023,0,FR
30,5/20/2023,0,FR
30,5/21/2023,0,FR
30,5/22/2023,0,FR
30,5/23/2023,0,FR
30,5/24/2023,0,FR
30,5/25/2023,0,FR
30,5/26/2023,0,FR
30,5/27/2023,0,FR
30,5/28/2023,0,FR
30,5/29/2023,0,FR
30,5/30/2023,0,FR
30,5/31/2023,0,FR
30,6/1/2023,0,FR
30,6/2/2023,0,FR
30,6/3/2023,0,FR
30,6/4/2023,0,FR
30,6/5/2023,0,FR
30,6/6/2023,0,FR
30,6/7/2023,0,FR
30,6/8/2023,0,FR
30,6/9/2023,0,FR
30,6/10/2023,0,FR
30,6/11/2023,0,FR
30,6/12/2023,0,FR
30,6/13/2023,0,FR
30,6/14/2023,0,FR
30,6/15/2023,0,FR
30,6/16/2023,0,FR
30,6/17/2023,0,FR
30,6/18/2023,0,FR
30,6/19/2023,0,FR
30,6/20/2023,0,FR
30,6/21/2023,0,FR
30,6/22/2023,0,FR
30,6/23/2023,0,FR
30,6/24/2023,0,FR
30,6/25/2023,0,FR
30,6/26/2023,0,FR
30,6/27/2023,0,FR
30,6/28/2023,0,FR
30,6/29/2023,0,FR
30,6/30/2023,0,FR
30,7/1/2023,0,FR
30,7/2/2023,0,FR
30,7/3/2023,0,FR
30,7/4/2023,0,FR
30,7/5/2023,0,FR
30,7/6/2023,0,FR
30,7/7/2023,0,FR
30,7/8/2023,0,FR
30,7/9/2023,0,FR
30,7/10/2023,0,FR
30,7/11/2023,0,FR
30,7/12/2023,0,FR
30,7/13/2023,0,FR
30,7/14/2023,0,FR
30,7/15/2023,0,FR
30,7/16/2023,0,FR
30,7/17/2023,0,FR
30,7/18/2023,0,FR
30,7/19/2023,0,FR
30,7/20/2023,0,FR
30,7/21/2023,0,FR
30,7/22/2023,0,FR
30,7/23/2023,0,FR
30,7/24/2023,0,FR
30,7/25/2023,0,FR
30,7/26/2023,0,FR
30,7/27/2023,0,FR
30,7/28/2023,0,FR
30,7/29/2023,0,FR
30,7/30/2023,0,FR
30,7/31/2023,0,FR
30,8/1/2023,0,FR
30,8/2/2023,0,FR
30,8/3/2023,0,FR
30,8/4/2023,0,FR
30,8/5/2023,0,FR
30,8/6/2023,0,FR
30,8/7/2023,0,FR
30,8/8/2023,0,FR
30,8/9/2023,0,FR
30,8/10/2023,0,FR
30,8/11/2023,0,FR
30,8/12/2023,0,FR
30,8/13/2023,0,FR
30,8/14/2023,0,FR
30,8/15/2023,0,FR
30,8/16/2023,0,FR
30,8/17/2023,0,FR
30,8/18/2023,0,FR
30,8/19/2023,0,FR
30,8/20/2023,0,FR
30,8/21/2023,0,FR
30,8/22/2023,0,FR
30,8/23/2023,0,FR
30,8/24/2023,0,FR
30,8/25/2023,0,FR
30,8/26/2023,0,FR
30,8/27/2023,0,FR
30,8/28/2023,0,FR
30,8/29/2023,0,FR
30,8/30/2023,0,FR
30,8/31/2023,0,FR
30,9/1/2023,0,FR
30,9/2/2023,0,FR
30,9/3/2023,0,FR
30,9/4/2023,0,FR
30,9/5/2023,0,FR
30,9/6/2023,0,FR
30,9/7/2023,0,FR
30,9/8/2023,0,FR
30,9/9/2023,0,FR
30,9/10/2023,0,FR
30,9/11/2023,0,FR
30,9/12/2023,0,FR
30,9/13/2023,0,FR
30,9/14/2023,0,FR
30,9/15/2023,0,FR
30,9/16/2023,0,FR
30,9/17/2023,0,FR
30,9/18/2023,0,FR
30,9/19/2023,0,FR
30,9/20/2023,0,FR
30,9/21/2023,0,FR
30,9/22/2023,0,FR
30,9/23/2023,0,FR
30,9/24/2023,0,FR
30,9/25/2023,0,FR
30,9/26/2023,0,FR
30,9/27/2023,0,FR
30,9/28/2023,0,FR
30,9/29/2023,0,FR
30,9/30/2023,0,FR
30,10/1/2023,0,FR
30,10/2/2023,0,FR
30,10/3/2023,0,FR
30,10/4/2023,0,FR
30,10/5/2023,0,FR
30,10/6/2023,0,FR
30,10/7/2023,0,FR
30,10/8/2023,0,FR
30,10/9/2023,0,FR
30,10/10/2023,0,FR
30,10/11/2023,0,FR
30,10/12/2023,0,FR
30,10/13/2023,0,FR
30,10/14/2023,0,FR
30,10/15/2023,0,FR
30,10/16/2023,0,FR
30,10/17/2023,0,FR
30,10/18/2023,0,FR
30,10/19/2023,0,FR
30,10/20/2023,0,FR
30,10/21/2023,0,FR
30,10/22/2023,0,FR
30,10/23/2023,0,FR
30,10/24/2023,0,FR
30,10/25/2023,0,FR
30,10/26/2023,0,FR
30,10/27/2023,0,FR
30,10/28/2023,0,FR
30,10/29/2023,0,FR
30,10/30/2023,0,FR
30,10/31/2023,0,FR
30,11/1/2023,0,FR
30,11/2/2023,0,FR
30,11/3/2023,0,FR
30,11/4/2023,0,FR
30,11/5/2023,0,FR
30,11/6/2023,0,FR
30,11/7/2023,0,FR
30,11/8/2023,0,FR
30,11/9/2023,0,FR
30,11/10/2023,0,FR
30,11/11/2023,0,FR
30,11/12/2023,0,FR
30,11/13/2023,0,FR
30,11/14/2023,0,FR
30,11/15/2023,0,FR
30,11/16/2023,0,FR
30,11/17/2023,0,FR
30,11/18/2023,0,FR
30,11/19/2023,0,FR
30,11/20/2023,0,FR
30,11/21/2023,0,FR
30,11/22/2023,0,FR
30,11/23/2023,0,FR
30,11/24/2023,0,FR
30,11/25/2023,0,FR
30,11/26/2023,0,FR
30,11/27/2023,0,FR
30,11/28/2023,0,FR
30,11/29/2023,0,FR
30,11/30/2023,0,FR
30,12/1/2023,1,FR
30,12/2/2023,1,FR
30,12/3/2023,1,FR
30,12/4/2023,1,FR
30,12/5/2023,1,FR
30,12/6/2023,1,FR
30,12/7/2023,1,FR
30,12/8/2023,1,FR
30,12/9/2023,1,FR
30,12/10/2023,1,FR
30,12/11/2023,1,FR
30,12/12/2023,1,FR
30,12/13/2023,1,FR
30,12/14/2023,1,FR
30,12/15/2023,1,FR
30,12/16/2023,1,FR
30,12/17/2023,1,FR
30,12/18/2023,1,FR
30,12/19/2023,1,FR
30,12/20/2023,1,FR
30,12/21/2023,1,FR
30,12/22/2023,1,FR
30,12/23/2023,1,FR
30,12/24/2023,1,FR
30,12/25/2023,1,FR
30,12/26/2023,1,FR
30,12/27/2023,1,FR
30,12/28/2023,1,FR
30,12/29/2023,1,FR
30,12/30/2023,1,FR
30,12/31/2023,1,FR
